Method,Sub name,Concurrency,bonnie-vm1,VDB_Ksec,VDB_%CPU,VDB_Latency,bonnie-vm2,VDB_Ksec,VDB_%CPU,VDB_Latency,bonnie-vm3,VDB_Ksec,VDB_%CPU,VDB_Latency,bonnie-vm4,VDB_Ksec,VDB_%CPU,VDB_Latency
Sequential Output,Per character,1,bonnie-vm1,773,93,10188us,bonnie-vm2,810,94,9878us,bonnie-vm3,808,93,9934us,bonnie-vm4,668,94,12207us
Sequential Output,Block,1,bonnie-vm1,32800,3,312ms,bonnie-vm2,78047,8,416ms,bonnie-vm3,39041,4,449ms,bonnie-vm4,96389,9,419ms
Sequential Output,Rewrite,1,bonnie-vm1,126529,9,1933ms,bonnie-vm2,152616,11,1011ms,bonnie-vm3,47168,3,127s,bonnie-vm4,80466,6,2716ms
Sequential Input,Per character,1,bonnie-vm1,3887,81,2042us,bonnie-vm2,3823,80,2091us,bonnie-vm3,3878,80,2060us,bonnie-vm4,3482,77,2099us
Sequential Input,Block,1,bonnie-vm1,2663893,80,1456us,bonnie-vm2,2014134,74,1038us,bonnie-vm3,2470017,79,2353us,bonnie-vm4,1898259,76,8066us
Random,Seeks,1,bonnie-vm1,373.7,6,2651us,bonnie-vm2,393.1,6,2955us,bonnie-vm3,416.2,7,1620us,bonnie-vm4,316.1,5,3074us
Sequential Create,Create,1,bonnie-vm1,27270,35,221us,bonnie-vm2,21055,24,237us,bonnie-vm3,26964,34,224us,bonnie-vm4,21645,30,295us
Sequential Create,Read,1,bonnie-vm1,+++++,+++,337us,bonnie-vm2,+++++,+++,373us,bonnie-vm3,+++++,+++,370us,bonnie-vm4,+++++,+++,343us
Sequential Create,Delete,1,bonnie-vm1,26501,23,391us,bonnie-vm2,18227,16,377us,bonnie-vm3,+++++,+++,648us,bonnie-vm4,26981,27,735us
Random create,Create,1,bonnie-vm1,28168,30,247us,bonnie-vm2,26698,29,261us,bonnie-vm3,+++++,+++,227us,bonnie-vm4,20109,26,241us
Random create,Read,1,bonnie-vm1,+++++,+++,41us,bonnie-vm2,+++++,+++,15us,bonnie-vm3,+++++,+++,43us,bonnie-vm4,+++++,+++,44us
Random create,Delete,1,bonnie-vm1,+++++,+++,384us,bonnie-vm2,27012,23,376us,bonnie-vm3,25530,22,370us,bonnie-vm4,32226,32,415us
Method,Sub name,Concurrency,bonnie-vm1,VDB_Ksec,VDB_%CPU,VDB_Latency,bonnie-vm1,VDC_Ksec,VDC_%CPU,VDC_Latency,bonnie-vm2,VDB_Ksec,VDB_%CPU,VDB_Latency,bonnie-vm2,VDC_Ksec,VDC_%CPU,VDC_Latency,bonnie-vm3,VDB_Ksec,VDB_%CPU,VDB_Latency,bonnie-vm3,VDC_Ksec,VDC_%CPU,VDC_Latency,bonnie-vm4,VDB_Ksec,VDB_%CPU,VDB_Latency,bonnie-vm4,VDC_Ksec,VDC_%CPU,VDC_Latency
Sequential Output,Per character,2,bonnie-vm1,745,93,10652us,bonnie-vm1,768,93,10293us,bonnie-vm2,762,95,10496us,bonnie-vm2,754,92,10128us,bonnie-vm3,770,91,10255us,bonnie-vm3,816,94,9815us,bonnie-vm4,633,94,12984us,bonnie-vm4,597,86,12528us
Sequential Output,Block,2,bonnie-vm1,49393,5,940ms,bonnie-vm1,56517,5,807ms,bonnie-vm2,77977,7,746ms,bonnie-vm2,71328,7,1114ms,bonnie-vm3,33437,3,799ms,bonnie-vm3,58686,5,834ms,bonnie-vm4,53009,6,1026ms,bonnie-vm4,64874,7,516ms
Sequential Output,Rewrite,2,bonnie-vm1,88465,8,3501ms,bonnie-vm1,92819,9,3385ms,bonnie-vm2,112283,11,2253ms,bonnie-vm2,114701,11,1718ms,bonnie-vm3,43614,4,127s,bonnie-vm3,149314,13,1135ms,bonnie-vm4,78916,8,2890ms,bonnie-vm4,86638,8,3087ms
Sequential Input,Per character,2,bonnie-vm1,3426,76,3774us,bonnie-vm1,4414,100,3782us,bonnie-vm2,3356,72,2074us,bonnie-vm2,3691,80,2057us,bonnie-vm3,3824,84,2016us,bonnie-vm3,3639,81,2075us,bonnie-vm4,3577,79,2115us,bonnie-vm4,3763,84,5833us
Sequential Input,Block,2,bonnie-vm1,1647599,73,1820us,bonnie-vm1,1509848,71,1759us,bonnie-vm2,1557501,72,1124us,bonnie-vm2,1466799,71,1142us,bonnie-vm3,1914095,76,1927us,bonnie-vm3,1328263,68,2641us,bonnie-vm4,749168,61,13816us,bonnie-vm4,752800,60,14029us
Random,Seeks,2,bonnie-vm1,56.9,0,3706us,bonnie-vm1,56.4,0,128s,bonnie-vm2,261.6,3,2648us,bonnie-vm2,268.3,3,3855us,bonnie-vm3,469.4,7,2891us,bonnie-vm3,485.5,6,910ms,bonnie-vm4,245.2,4,2726ms,bonnie-vm4,253.1,4,6542us
Sequential Create,Create,2,bonnie-vm1,11506,14,92535us,bonnie-vm1,11502,14,259us,bonnie-vm2,6020,8,285ms,bonnie-vm2,6021,8,320us,bonnie-vm3,11091,13,478us,bonnie-vm3,11088,13,176ms,bonnie-vm4,16015,26,2838us,bonnie-vm4,16020,25,226ms
Sequential Create,Read,2,bonnie-vm1,+++++,+++,351us,bonnie-vm1,+++++,+++,360us,bonnie-vm2,+++++,+++,534us,bonnie-vm2,+++++,+++,527us,bonnie-vm3,+++++,+++,380us,bonnie-vm3,+++++,+++,348us,bonnie-vm4,+++++,+++,365us,bonnie-vm4,+++++,+++,355us
Sequential Create,Delete,2,bonnie-vm1,13332,13,707us,bonnie-vm1,13333,13,679us,bonnie-vm2,8766,8,644us,bonnie-vm2,8766,8,605us,bonnie-vm3,14775,14,613us,bonnie-vm3,14775,14,637us,bonnie-vm4,14116,15,646us,bonnie-vm4,14119,15,667us
Random create,Create,2,bonnie-vm1,13950,16,293us,bonnie-vm1,13948,16,308us,bonnie-vm2,9947,12,464us,bonnie-vm2,9947,12,511us,bonnie-vm3,16794,20,293us,bonnie-vm3,16786,20,114ms,bonnie-vm4,16852,24,432us,bonnie-vm4,16991,23,350us
Random create,Read,2,bonnie-vm1,+++++,+++,29us,bonnie-vm1,+++++,+++,25us,bonnie-vm2,+++++,+++,18us,bonnie-vm2,+++++,+++,23us,bonnie-vm3,+++++,+++,36us,bonnie-vm3,+++++,+++,30us,bonnie-vm4,+++++,+++,34us,bonnie-vm4,+++++,+++,25us
Random create,Delete,2,bonnie-vm1,12301,12,681us,bonnie-vm1,12303,12,674us,bonnie-vm2,6926,6,684us,bonnie-vm2,6925,7,647us,bonnie-vm3,13871,13,687us,bonnie-vm3,13867,14,632us,bonnie-vm4,17001,18,677us,bonnie-vm4,16995,18,967us
Method,Sub name,Concurrency,bonnie-vm1,VDB_Ksec,VDB_%CPU,VDB_Latency,bonnie-vm1,VDC_Ksec,VDC_%CPU,VDC_Latency,bonnie-vm1,VDD_Ksec,VDD_%CPU,VDD_Latency,bonnie-vm2,VDB_Ksec,VDB_%CPU,VDB_Latency,bonnie-vm2,VDC_Ksec,VDC_%CPU,VDC_Latency,bonnie-vm2,VDD_Ksec,VDD_%CPU,VDD_Latency,bonnie-vm3,VDB_Ksec,VDB_%CPU,VDB_Latency,bonnie-vm3,VDC_Ksec,VDC_%CPU,VDC_Latency,bonnie-vm3,VDD_Ksec,VDD_%CPU,VDD_Latency,bonnie-vm4,VDB_Ksec,VDB_%CPU,VDB_Latency,bonnie-vm4,VDC_Ksec,VDC_%CPU,VDC_Latency,bonnie-vm4,VDD_Ksec,VDD_%CPU,VDD_Latency
Sequential Output,Per character,3,bonnie-vm1,718,92,10823us,bonnie-vm1,789,93,10184us,bonnie-vm1,780,93,10183us,bonnie-vm2,760,95,10502us,bonnie-vm2,732,94,10573us,bonnie-vm2,740,94,10559us,bonnie-vm3,746,92,10421us,bonnie-vm3,783,95,10905us,bonnie-vm3,751,92,11034us,bonnie-vm4,536,82,12960us,bonnie-vm4,540,83,16130us,bonnie-vm4,563,84,13077us
Sequential Output,Block,3,bonnie-vm1,42199,4,878ms,bonnie-vm1,38696,4,1382ms,bonnie-vm1,70879,7,1206ms,bonnie-vm2,38870,4,1211ms,bonnie-vm2,25573,2,733ms,bonnie-vm2,42368,4,1332ms,bonnie-vm3,17564,1,1135ms,bonnie-vm3,48940,5,1806ms,bonnie-vm3,46728,5,3509ms,bonnie-vm4,50860,5,880ms,bonnie-vm4,24340,3,767ms,bonnie-vm4,37067,4,1068ms
Sequential Output,Rewrite,3,bonnie-vm1,96714,9,2504ms,bonnie-vm1,94175,9,2272ms,bonnie-vm1,101475,9,2052ms,bonnie-vm2,87988,8,2171ms,bonnie-vm2,73789,7,3871ms,bonnie-vm2,90961,8,2208ms,bonnie-vm3,94557,9,1778ms,bonnie-vm3,93088,9,3497ms,bonnie-vm3,94538,9,1688ms,bonnie-vm4,75138,7,3040ms,bonnie-vm4,80542,8,2570ms,bonnie-vm4,88684,9,2038ms
Sequential Input,Per character,3,bonnie-vm1,2869,69,3792us,bonnie-vm1,3145,71,2063us,bonnie-vm1,3146,72,3867us,bonnie-vm2,3122,70,2153us,bonnie-vm2,3557,80,1991us,bonnie-vm2,3086,71,2184us,bonnie-vm3,3691,85,2087us,bonnie-vm3,3361,83,2197us,bonnie-vm3,3780,85,2032us,bonnie-vm4,3260,75,6179us,bonnie-vm4,3416,79,2135us,bonnie-vm4,3676,83,2140us
Sequential Input,Block,3,bonnie-vm1,1254238,70,9234us,bonnie-vm1,1298460,70,9332us,bonnie-vm1,1281906,70,9438us,bonnie-vm2,1272205,69,2019us,bonnie-vm2,1555636,73,2467us,bonnie-vm2,1238999,70,1368us,bonnie-vm3,1280559,70,13668us,bonnie-vm3,1322748,72,13568us,bonnie-vm3,1332034,71,9643us,bonnie-vm4,688063,61,15419us,bonnie-vm4,714759,57,15588us,bonnie-vm4,864757,66,15408us
Random,Seeks,3,bonnie-vm1,307.7,4,4601us,bonnie-vm1,299.4,3,1780ms,bonnie-vm1,307.7,3,4699us,bonnie-vm2,127.1,1,4122ms,bonnie-vm2,254.4,3,3206us,bonnie-vm2,124.8,1,3511ms,bonnie-vm3,337.6,4,2182ms,bonnie-vm3,349.4,4,4227us,bonnie-vm3,349.8,4,4594us,bonnie-vm4,149.4,2,8058ms,bonnie-vm4,151.6,2,5093ms,bonnie-vm4,165.0,2,5300us
Sequential Create,Create,3,bonnie-vm1,7966,10,416ms,bonnie-vm1,7962,10,365us,bonnie-vm1,7963,10,512ms,bonnie-vm2,6413,7,472us,bonnie-vm2,6412,7,178ms,bonnie-vm2,6412,7,280ms,bonnie-vm3,8093,10,438us,bonnie-vm3,8093,11,348us,bonnie-vm3,8093,11,264us,bonnie-vm4,6914,11,296us,bonnie-vm4,6916,10,4185us,bonnie-vm4,6921,11,297ms
Sequential Create,Read,3,bonnie-vm1,+++++,+++,364us,bonnie-vm1,+++++,+++,356us,bonnie-vm1,+++++,+++,346us,bonnie-vm2,+++++,+++,340us,bonnie-vm2,+++++,+++,355us,bonnie-vm2,+++++,+++,345us,bonnie-vm3,+++++,+++,341us,bonnie-vm3,+++++,+++,345us,bonnie-vm3,+++++,+++,360us,bonnie-vm4,+++++,+++,363us,bonnie-vm4,+++++,+++,373us,bonnie-vm4,+++++,+++,347us
Sequential Create,Delete,3,bonnie-vm1,5890,6,1069us,bonnie-vm1,5890,6,1065us,bonnie-vm1,5891,6,724us,bonnie-vm2,4792,5,658us,bonnie-vm2,4792,5,683us,bonnie-vm2,4792,5,1255us,bonnie-vm3,9678,9,1055us,bonnie-vm3,9678,10,1013us,bonnie-vm3,9678,10,705us,bonnie-vm4,1611,1,724us,bonnie-vm4,1611,1,366ms,bonnie-vm4,1611,1,325ms
Random create,Create,3,bonnie-vm1,4845,6,177ms,bonnie-vm1,4844,6,271us,bonnie-vm1,4849,6,180ms,bonnie-vm2,5444,6,309us,bonnie-vm2,5444,6,297us,bonnie-vm2,5444,6,345us,bonnie-vm3,10508,13,89127us,bonnie-vm3,10479,13,391us,bonnie-vm3,10480,13,284us,bonnie-vm4,6935,9,153ms,bonnie-vm4,6920,9,205ms,bonnie-vm4,6919,9,365us
Random create,Read,3,bonnie-vm1,+++++,+++,54us,bonnie-vm1,+++++,+++,50us,bonnie-vm1,+++++,+++,43us,bonnie-vm2,+++++,+++,21us,bonnie-vm2,+++++,+++,40us,bonnie-vm2,+++++,+++,41us,bonnie-vm3,+++++,+++,58us,bonnie-vm3,+++++,+++,72us,bonnie-vm3,+++++,+++,72us,bonnie-vm4,+++++,+++,35us,bonnie-vm4,+++++,+++,17us,bonnie-vm4,+++++,+++,23us
Random create,Delete,3,bonnie-vm1,1679,1,237ms,bonnie-vm1,1679,1,448us,bonnie-vm1,1679,1,108ms,bonnie-vm2,4637,4,701us,bonnie-vm2,4637,5,1057us,bonnie-vm2,4637,5,1363us,bonnie-vm3,10299,10,1010us,bonnie-vm3,10299,10,717us,bonnie-vm3,10298,10,1039us,bonnie-vm4,6593,8,982us,bonnie-vm4,6593,8,777us,bonnie-vm4,6594,8,1000us
Method,Sub name,Concurrency,bonnie-vm1,VDB_Ksec,VDB_%CPU,VDB_Latency,bonnie-vm1,VDC_Ksec,VDC_%CPU,VDC_Latency,bonnie-vm1,VDD_Ksec,VDD_%CPU,VDD_Latency,bonnie-vm1,VDE_Ksec,VDE_%CPU,VDE_Latency,bonnie-vm2,VDB_Ksec,VDB_%CPU,VDB_Latency,bonnie-vm2,VDC_Ksec,VDC_%CPU,VDC_Latency,bonnie-vm2,VDD_Ksec,VDD_%CPU,VDD_Latency,bonnie-vm2,VDE_Ksec,VDE_%CPU,VDE_Latency,bonnie-vm3,VDB_Ksec,VDB_%CPU,VDB_Latency,bonnie-vm3,VDC_Ksec,VDC_%CPU,VDC_Latency,bonnie-vm3,VDD_Ksec,VDD_%CPU,VDD_Latency,bonnie-vm3,VDE_Ksec,VDE_%CPU,VDE_Latency,bonnie-vm4,VDB_Ksec,VDB_%CPU,VDB_Latency,bonnie-vm4,VDC_Ksec,VDC_%CPU,VDC_Latency,bonnie-vm4,VDD_Ksec,VDD_%CPU,VDD_Latency,bonnie-vm4,VDE_Ksec,VDE_%CPU,VDE_Latency
Sequential Output,Per character,4,bonnie-vm1,731,93,10788us,bonnie-vm1,719,92,10442us,bonnie-vm1,728,91,10528us,bonnie-vm1,730,92,10595us,bonnie-vm2,766,90,10035us,bonnie-vm2,747,91,10152us,bonnie-vm2,766,93,10313us,bonnie-vm2,741,92,10418us,bonnie-vm3,719,94,11179us,bonnie-vm3,737,91,10536us,bonnie-vm3,753,92,10133us,bonnie-vm3,752,91,10113us,bonnie-vm4,499,79,17278us,bonnie-vm4,546,79,14538us,bonnie-vm4,574,86,13997us,bonnie-vm4,571,84,16363us
Sequential Output,Block,4,bonnie-vm1,24786,2,2220ms,bonnie-vm1,24007,2,1063ms,bonnie-vm1,21628,2,126s,bonnie-vm1,50013,5,992ms,bonnie-vm2,57117,5,918ms,bonnie-vm2,32368,3,877ms,bonnie-vm2,62058,6,663ms,bonnie-vm2,57159,5,754ms,bonnie-vm3,50752,5,768ms,bonnie-vm3,24768,2,781ms,bonnie-vm3,39352,4,964ms,bonnie-vm3,38223,4,1505ms,bonnie-vm4,55404,6,750ms,bonnie-vm4,26922,3,810ms,bonnie-vm4,29208,3,988ms,bonnie-vm4,34268,4,1911ms
Sequential Output,Rewrite,4,bonnie-vm1,68879,6,3400ms,bonnie-vm1,73908,7,3346ms,bonnie-vm1,66894,6,4665ms,bonnie-vm1,41415,3,128s,bonnie-vm2,72262,6,6348ms,bonnie-vm2,68598,6,2959ms,bonnie-vm2,69002,6,4856ms,bonnie-vm2,80158,7,2212ms,bonnie-vm3,58894,5,4776ms,bonnie-vm3,58943,5,4161ms,bonnie-vm3,62882,6,3089ms,bonnie-vm3,61573,6,3122ms,bonnie-vm4,59067,6,3556ms,bonnie-vm4,50971,5,4182ms,bonnie-vm4,49404,5,4550ms,bonnie-vm4,50562,5,5356ms
Sequential Input,Per character,4,bonnie-vm1,3473,78,2115us,bonnie-vm1,3876,85,2070us,bonnie-vm1,3606,82,2387us,bonnie-vm1,3490,83,2433us,bonnie-vm2,2952,71,2706us,bonnie-vm2,3173,75,2309us,bonnie-vm2,3007,68,2032us,bonnie-vm2,2868,65,2063us,bonnie-vm3,3392,77,2151us,bonnie-vm3,3232,72,2039us,bonnie-vm3,3526,79,2138us,bonnie-vm3,3488,79,2038us,bonnie-vm4,3102,78,5982us,bonnie-vm4,3077,69,2021us,bonnie-vm4,2799,64,2012us,bonnie-vm4,3095,80,9885us
Sequential Input,Block,4,bonnie-vm1,1097336,67,2048us,bonnie-vm1,1108114,66,1556us,bonnie-vm1,1113421,68,1899us,bonnie-vm1,1568951,74,4239us,bonnie-vm2,1195351,69,7778us,bonnie-vm2,1313883,70,7803us,bonnie-vm2,1218538,70,7839us,bonnie-vm2,1153034,70,7760us,bonnie-vm3,1178089,69,1665us,bonnie-vm3,1215314,69,1549us,bonnie-vm3,1149431,70,1561us,bonnie-vm3,1170136,71,1649us,bonnie-vm4,860581,51,8630us,bonnie-vm4,903274,51,8488us,bonnie-vm4,960384,51,9988us,bonnie-vm4,948231,53,11111us
Random,Seeks,4,bonnie-vm1,260.8,3,4711ms,bonnie-vm1,256.4,2,2712ms,bonnie-vm1,260.5,3,3310ms,bonnie-vm1,264.6,4,3901us,bonnie-vm2,186.4,2,4320us,bonnie-vm2,186.2,2,4858us,bonnie-vm2,187.2,2,4966us,bonnie-vm2,183.9,2,3126us,bonnie-vm3,201.4,2,2709ms,bonnie-vm3,203.6,2,3145ms,bonnie-vm3,207.1,2,3571ms,bonnie-vm3,207.1,2,2617us,bonnie-vm4,191.9,2,3682ms,bonnie-vm4,194.1,2,5164ms,bonnie-vm4,194.7,2,3593ms,bonnie-vm4,194.7,2,10317ms
Sequential Create,Create,4,bonnie-vm1,6418,8,198ms,bonnie-vm1,6418,8,354us,bonnie-vm1,6435,8,204ms,bonnie-vm1,6418,8,189ms,bonnie-vm2,2158,3,2331us,bonnie-vm2,2158,3,2107us,bonnie-vm2,2158,3,641ms,bonnie-vm2,2158,3,711us,bonnie-vm3,4932,6,233ms,bonnie-vm3,4936,6,130ms,bonnie-vm3,4932,6,437us,bonnie-vm3,4939,6,244ms,bonnie-vm4,9515,13,352ms,bonnie-vm4,9536,13,209ms,bonnie-vm4,9517,13,261us,bonnie-vm4,9516,14,174ms
Sequential Create,Read,4,bonnie-vm1,+++++,+++,368us,bonnie-vm1,+++++,+++,477us,bonnie-vm1,+++++,+++,352us,bonnie-vm1,+++++,+++,483us,bonnie-vm2,+++++,+++,373us,bonnie-vm2,+++++,+++,346us,bonnie-vm2,+++++,+++,344us,bonnie-vm2,+++++,+++,350us,bonnie-vm3,+++++,+++,350us,bonnie-vm3,+++++,+++,355us,bonnie-vm3,+++++,+++,380us,bonnie-vm3,+++++,+++,370us,bonnie-vm4,+++++,+++,365us,bonnie-vm4,+++++,+++,349us,bonnie-vm4,+++++,+++,349us,bonnie-vm4,+++++,+++,358us
Sequential Create,Delete,4,bonnie-vm1,4349,4,1070us,bonnie-vm1,4350,5,1367us,bonnie-vm1,4350,4,713us,bonnie-vm1,4349,4,813us,bonnie-vm2,2355,2,641us,bonnie-vm2,2355,2,570ms,bonnie-vm2,2355,2,613ms,bonnie-vm2,2355,2,499ms,bonnie-vm3,1423,1,260ms,bonnie-vm3,1423,1,310ms,bonnie-vm3,1423,1,293ms,bonnie-vm3,1423,1,432us,bonnie-vm4,5028,6,630us,bonnie-vm4,5028,6,669us,bonnie-vm4,5028,6,550us,bonnie-vm4,5028,6,943us
Random create,Create,4,bonnie-vm1,5177,7,92890us,bonnie-vm1,5181,6,93770us,bonnie-vm1,5170,7,541us,bonnie-vm1,5171,7,400us,bonnie-vm2,1939,2,147ms,bonnie-vm2,1938,2,154ms,bonnie-vm2,1938,2,158ms,bonnie-vm2,1939,2,484us,bonnie-vm3,8075,10,138ms,bonnie-vm3,8070,10,372us,bonnie-vm3,8069,10,136ms,bonnie-vm3,8085,10,133ms,bonnie-vm4,6386,9,344ms,bonnie-vm4,6387,9,285us,bonnie-vm4,6396,9,331ms,bonnie-vm4,6403,9,302ms
Random create,Read,4,bonnie-vm1,+++++,+++,19us,bonnie-vm1,+++++,+++,17us,bonnie-vm1,+++++,+++,16us,bonnie-vm1,+++++,+++,25us,bonnie-vm2,+++++,+++,25us,bonnie-vm2,+++++,+++,14us,bonnie-vm2,+++++,+++,25us,bonnie-vm2,+++++,+++,61us,bonnie-vm3,+++++,+++,22us,bonnie-vm3,+++++,+++,18us,bonnie-vm3,+++++,+++,15us,bonnie-vm3,+++++,+++,72us,bonnie-vm4,+++++,+++,12019us,bonnie-vm4,+++++,+++,12017us,bonnie-vm4,+++++,+++,112us,bonnie-vm4,+++++,+++,118us
Random create,Delete,4,bonnie-vm1,5285,5,706us,bonnie-vm1,5285,6,720us,bonnie-vm1,5285,6,705us,bonnie-vm1,5285,6,1271us,bonnie-vm2,3686,4,968us,bonnie-vm2,3686,4,767us,bonnie-vm2,3686,4,1337us,bonnie-vm2,3686,4,635us,bonnie-vm3,11739,12,735us,bonnie-vm3,11738,12,632us,bonnie-vm3,11737,12,800us,bonnie-vm3,11738,12,1063us,bonnie-vm4,5221,5,157ms,bonnie-vm4,5208,6,485ms,bonnie-vm4,5209,6,852us,bonnie-vm4,5208,5,1172us
Method,Sub name,Concurrency,bonnie-vm1,VDB_Ksec,VDB_%CPU,VDB_Latency,bonnie-vm1,VDC_Ksec,VDC_%CPU,VDC_Latency,bonnie-vm1,VDD_Ksec,VDD_%CPU,VDD_Latency,bonnie-vm1,VDE_Ksec,VDE_%CPU,VDE_Latency,bonnie-vm1,VDF_Ksec,VDF_%CPU,VDF_Latency,bonnie-vm2,VDB_Ksec,VDB_%CPU,VDB_Latency,bonnie-vm2,VDC_Ksec,VDC_%CPU,VDC_Latency,bonnie-vm2,VDD_Ksec,VDD_%CPU,VDD_Latency,bonnie-vm2,VDE_Ksec,VDE_%CPU,VDE_Latency,bonnie-vm2,VDF_Ksec,VDF_%CPU,VDF_Latency,bonnie-vm3,VDB_Ksec,VDB_%CPU,VDB_Latency,bonnie-vm3,VDC_Ksec,VDC_%CPU,VDC_Latency,bonnie-vm3,VDD_Ksec,VDD_%CPU,VDD_Latency,bonnie-vm3,VDE_Ksec,VDE_%CPU,VDE_Latency,bonnie-vm3,VDF_Ksec,VDF_%CPU,VDF_Latency,bonnie-vm4,VDB_Ksec,VDB_%CPU,VDB_Latency,bonnie-vm4,VDC_Ksec,VDC_%CPU,VDC_Latency,bonnie-vm4,VDD_Ksec,VDD_%CPU,VDD_Latency,bonnie-vm4,VDE_Ksec,VDE_%CPU,VDE_Latency,bonnie-vm4,VDF_Ksec,VDF_%CPU,VDF_Latency
Sequential Output,Per character,5,bonnie-vm1,789,94,10879us,bonnie-vm1,761,94,16749us,bonnie-vm1,743,94,16817us,bonnie-vm1,752,93,11404us,bonnie-vm1,764,95,10186us,bonnie-vm2,653,81,10509us,bonnie-vm2,708,87,10415us,bonnie-vm2,710,86,10061us,bonnie-vm2,705,87,10139us,bonnie-vm2,692,85,10360us,bonnie-vm3,667,85,10952us,bonnie-vm3,764,92,26046us,bonnie-vm3,694,85,10040us,bonnie-vm3,740,91,10167us,bonnie-vm3,693,85,25784us,bonnie-vm4,393,60,1202ms,bonnie-vm4,372,59,1164ms,bonnie-vm4,439,65,29087us,bonnie-vm4,378,55,850ms,bonnie-vm4,406,60,1268ms
Sequential Output,Block,5,bonnie-vm1,27596,3,1277ms,bonnie-vm1,30065,3,1724ms,bonnie-vm1,33863,3,1303ms,bonnie-vm1,20827,2,1688ms,bonnie-vm1,43284,4,551ms,bonnie-vm2,36392,3,1827ms,bonnie-vm2,29164,3,3207ms,bonnie-vm2,22671,2,127s,bonnie-vm2,30378,3,1267ms,bonnie-vm2,37592,4,2026ms,bonnie-vm3,24946,2,124s,bonnie-vm3,17681,1,3213ms,bonnie-vm3,25262,2,3757ms,bonnie-vm3,41141,4,5154ms,bonnie-vm3,28879,2,125s,bonnie-vm4,25765,3,4322ms,bonnie-vm4,42058,4,1428ms,bonnie-vm4,35952,4,2661ms,bonnie-vm4,31738,3,1242ms,bonnie-vm4,40185,4,2390ms
Sequential Output,Rewrite,5,bonnie-vm1,35949,3,127s,bonnie-vm1,53671,5,6288ms,bonnie-vm1,47605,5,5438ms,bonnie-vm1,52096,5,3173ms,bonnie-vm1,48394,5,4778ms,bonnie-vm2,53816,5,4243ms,bonnie-vm2,45312,4,6284ms,bonnie-vm2,31706,3,128s,bonnie-vm2,48671,4,4153ms,bonnie-vm2,48120,4,5826ms,bonnie-vm3,63993,6,3620ms,bonnie-vm3,54964,5,3708ms,bonnie-vm3,59428,6,3864ms,bonnie-vm3,60274,6,3794ms,bonnie-vm3,59536,6,3842ms,bonnie-vm4,68675,7,3744ms,bonnie-vm4,51866,5,5666ms,bonnie-vm4,53112,5,5592ms,bonnie-vm4,74256,8,4377ms,bonnie-vm4,53596,5,5590ms
Sequential Input,Per character,5,bonnie-vm1,3542,86,3967us,bonnie-vm1,3296,82,4332us,bonnie-vm1,3403,81,3919us,bonnie-vm1,3067,69,2098us,bonnie-vm1,3521,80,4160us,bonnie-vm2,3751,84,2310us,bonnie-vm2,3708,84,10583us,bonnie-vm2,3462,79,3905us,bonnie-vm2,3772,85,2150us,bonnie-vm2,3783,85,2222us,bonnie-vm3,3318,80,4181us,bonnie-vm3,3599,84,8351us,bonnie-vm3,3299,77,2112us,bonnie-vm3,3322,76,2059us,bonnie-vm3,3288,74,2110us,bonnie-vm4,2906,66,5947us,bonnie-vm4,2948,67,13818us,bonnie-vm4,2153,52,14014us,bonnie-vm4,1790,39,21779us,bonnie-vm4,2086,47,15133us
Sequential Input,Block,5,bonnie-vm1,1431745,71,1929us,bonnie-vm1,988568,65,1948us,bonnie-vm1,987101,66,4237us,bonnie-vm1,1001215,66,1901us,bonnie-vm1,1008477,67,2253us,bonnie-vm2,1048815,66,11811us,bonnie-vm2,836507,50,8569us,bonnie-vm2,1431944,73,8593us,bonnie-vm2,1060149,68,8458us,bonnie-vm2,838468,50,8557us,bonnie-vm3,997291,65,9566us,bonnie-vm3,947878,53,9546us,bonnie-vm3,1065538,69,8953us,bonnie-vm3,1037004,68,8942us,bonnie-vm3,879106,52,9907us,bonnie-vm4,843079,50,12311us,bonnie-vm4,900480,50,12027us,bonnie-vm4,717448,41,17513us,bonnie-vm4,684565,40,15477us,bonnie-vm4,714911,41,15408us
Random,Seeks,5,bonnie-vm1,237.1,1,3080us,bonnie-vm1,125.8,1,9316ms,bonnie-vm1,128.4,1,8432ms,bonnie-vm1,141.8,1,5066ms,bonnie-vm1,127.8,1,6131ms,bonnie-vm2,184.7,2,7415ms,bonnie-vm2,184.3,2,6841ms,bonnie-vm2,201.8,3,3890us,bonnie-vm2,183.7,2,5111ms,bonnie-vm2,185.6,2,4985ms,bonnie-vm3,185.9,2,2905ms,bonnie-vm3,187.5,2,2824us,bonnie-vm3,181.7,2,5051ms,bonnie-vm3,186.4,1,3380ms,bonnie-vm3,184.5,2,8558ms,bonnie-vm4,134.9,1,9429ms,bonnie-vm4,135.0,1,3921us,bonnie-vm4,134.9,1,10988ms,bonnie-vm4,129.8,1,11323ms,bonnie-vm4,134.9,1,10129ms
Sequential Create,Create,5,bonnie-vm1,8786,11,263ms,bonnie-vm1,8784,12,217ms,bonnie-vm1,8761,11,382ms,bonnie-vm1,8760,11,375us,bonnie-vm1,8770,12,216ms,bonnie-vm2,4319,5,234ms,bonnie-vm2,4323,5,473us,bonnie-vm2,4319,5,454us,bonnie-vm2,4319,5,229ms,bonnie-vm2,4324,5,301ms,bonnie-vm3,4643,6,515us,bonnie-vm3,4651,6,302ms,bonnie-vm3,4643,6,226ms,bonnie-vm3,4643,6,293ms,bonnie-vm3,4653,6,120ms,bonnie-vm4,2208,3,691ms,bonnie-vm4,2207,3,640ms,bonnie-vm4,2207,3,9079us,bonnie-vm4,2209,3,578ms,bonnie-vm4,2212,3,578ms
Sequential Create,Read,5,bonnie-vm1,+++++,+++,353us,bonnie-vm1,+++++,+++,389us,bonnie-vm1,+++++,+++,357us,bonnie-vm1,+++++,+++,365us,bonnie-vm1,+++++,+++,348us,bonnie-vm2,+++++,+++,345us,bonnie-vm2,+++++,+++,348us,bonnie-vm2,+++++,+++,350us,bonnie-vm2,+++++,+++,354us,bonnie-vm2,+++++,+++,373us,bonnie-vm3,+++++,+++,490us,bonnie-vm3,+++++,+++,355us,bonnie-vm3,+++++,+++,355us,bonnie-vm3,+++++,+++,339us,bonnie-vm3,+++++,+++,486us,bonnie-vm4,+++++,+++,8101us,bonnie-vm4,+++++,+++,363us,bonnie-vm4,+++++,+++,352us,bonnie-vm4,+++++,+++,346us,bonnie-vm4,+++++,+++,362us
Sequential Create,Delete,5,bonnie-vm1,2688,2,422us,bonnie-vm1,2687,3,116ms,bonnie-vm1,2687,2,144ms,bonnie-vm1,2687,3,112ms,bonnie-vm1,2687,3,112ms,bonnie-vm2,4405,4,1113us,bonnie-vm2,4405,5,1309us,bonnie-vm2,4405,5,999us,bonnie-vm2,4405,5,813us,bonnie-vm2,4405,4,994us,bonnie-vm3,6373,7,789us,bonnie-vm3,6373,7,762us,bonnie-vm3,6373,6,1107us,bonnie-vm3,6373,7,792us,bonnie-vm3,6373,7,770us,bonnie-vm4,722,0,188ms,bonnie-vm4,721,0,154ms,bonnie-vm4,722,0,567us,bonnie-vm4,721,0,271ms,bonnie-vm4,721,0,611us
Random create,Create,5,bonnie-vm1,7321,9,543us,bonnie-vm1,7321,9,117ms,bonnie-vm1,7339,9,112ms,bonnie-vm1,7353,9,163ms,bonnie-vm1,7341,10,113ms,bonnie-vm2,4370,5,166ms,bonnie-vm2,4367,5,308us,bonnie-vm2,4375,5,129ms,bonnie-vm2,4380,5,128ms,bonnie-vm2,4367,5,123ms,bonnie-vm3,7734,10,358us,bonnie-vm3,7734,10,110ms,bonnie-vm3,7741,10,108ms,bonnie-vm3,7734,10,115ms,bonnie-vm3,7741,10,317us,bonnie-vm4,2730,3,214ms,bonnie-vm4,2728,4,250us,bonnie-vm4,2728,3,208ms,bonnie-vm4,2734,3,288ms,bonnie-vm4,2738,4,246ms
Random create,Read,5,bonnie-vm1,+++++,+++,46us,bonnie-vm1,+++++,+++,57us,bonnie-vm1,+++++,+++,18us,bonnie-vm1,+++++,+++,20us,bonnie-vm1,+++++,+++,72us,bonnie-vm2,+++++,+++,25us,bonnie-vm2,+++++,+++,23us,bonnie-vm2,+++++,+++,36us,bonnie-vm2,+++++,+++,39us,bonnie-vm2,+++++,+++,36us,bonnie-vm3,+++++,+++,15us,bonnie-vm3,+++++,+++,16us,bonnie-vm3,+++++,+++,45us,bonnie-vm3,+++++,+++,56us,bonnie-vm3,+++++,+++,59us,bonnie-vm4,+++++,+++,30us,bonnie-vm4,+++++,+++,61us,bonnie-vm4,+++++,+++,36us,bonnie-vm4,+++++,+++,12019us,bonnie-vm4,+++++,+++,51us
Random create,Delete,5,bonnie-vm1,3832,4,132ms,bonnie-vm1,3832,4,1246us,bonnie-vm1,3832,4,727us,bonnie-vm1,3832,4,813us,bonnie-vm1,3832,4,1063us,bonnie-vm2,3764,4,704us,bonnie-vm2,3765,4,994us,bonnie-vm2,3765,4,688us,bonnie-vm2,3765,4,1159us,bonnie-vm2,3765,4,916us,bonnie-vm3,3613,4,730us,bonnie-vm3,3613,4,735us,bonnie-vm3,3613,4,732us,bonnie-vm3,3613,4,726us,bonnie-vm3,3613,4,740us,bonnie-vm4,3310,4,285ms,bonnie-vm4,3311,4,486us,bonnie-vm4,3317,3,316ms,bonnie-vm4,3311,3,281ms,bonnie-vm4,3311,3,705us
Method,Sub name,Concurrency,bonnie-vm1,VDB_Ksec,VDB_%CPU,VDB_Latency,bonnie-vm1,VDC_Ksec,VDC_%CPU,VDC_Latency,bonnie-vm1,VDD_Ksec,VDD_%CPU,VDD_Latency,bonnie-vm1,VDE_Ksec,VDE_%CPU,VDE_Latency,bonnie-vm1,VDF_Ksec,VDF_%CPU,VDF_Latency,bonnie-vm1,VDG_Ksec,VDG_%CPU,VDG_Latency,bonnie-vm2,VDB_Ksec,VDB_%CPU,VDB_Latency,bonnie-vm2,VDC_Ksec,VDC_%CPU,VDC_Latency,bonnie-vm2,VDD_Ksec,VDD_%CPU,VDD_Latency,bonnie-vm2,VDE_Ksec,VDE_%CPU,VDE_Latency,bonnie-vm2,VDF_Ksec,VDF_%CPU,VDF_Latency,bonnie-vm2,VDG_Ksec,VDG_%CPU,VDG_Latency,bonnie-vm3,VDB_Ksec,VDB_%CPU,VDB_Latency,bonnie-vm3,VDC_Ksec,VDC_%CPU,VDC_Latency,bonnie-vm3,VDD_Ksec,VDD_%CPU,VDD_Latency,bonnie-vm3,VDE_Ksec,VDE_%CPU,VDE_Latency,bonnie-vm3,VDF_Ksec,VDF_%CPU,VDF_Latency,bonnie-vm3,VDG_Ksec,VDG_%CPU,VDG_Latency,bonnie-vm4,VDB_Ksec,VDB_%CPU,VDB_Latency,bonnie-vm4,VDC_Ksec,VDC_%CPU,VDC_Latency,bonnie-vm4,VDD_Ksec,VDD_%CPU,VDD_Latency,bonnie-vm4,VDE_Ksec,VDE_%CPU,VDE_Latency,bonnie-vm4,VDF_Ksec,VDF_%CPU,VDF_Latency,bonnie-vm4,VDG_Ksec,VDG_%CPU,VDG_Latency
Sequential Output,Per character,6,bonnie-vm1,737,92,10360us,bonnie-vm1,733,91,10363us,bonnie-vm1,737,93,10575us,bonnie-vm1,769,92,10039us,bonnie-vm1,752,93,11190us,bonnie-vm1,732,92,10323us,bonnie-vm2,746,93,10241us,bonnie-vm2,725,93,10573us,bonnie-vm2,650,87,12587us,bonnie-vm2,687,89,10823us,bonnie-vm2,734,92,10372us,bonnie-vm2,556,79,12626us,bonnie-vm3,749,93,11634us,bonnie-vm3,629,86,27128us,bonnie-vm3,749,93,21996us,bonnie-vm3,792,92,17976us,bonnie-vm3,742,92,24581us,bonnie-vm3,743,93,10411us,bonnie-vm4,373,57,1156ms,bonnie-vm4,381,57,36829us,bonnie-vm4,360,58,42995us,bonnie-vm4,375,61,937ms,bonnie-vm4,350,60,760ms,bonnie-vm4,356,54,1971ms
Sequential Output,Block,6,bonnie-vm1,25614,2,3312ms,bonnie-vm1,16339,1,4680ms,bonnie-vm1,29727,3,3703ms,bonnie-vm1,21949,2,4939ms,bonnie-vm1,30286,3,3615ms,bonnie-vm1,35912,4,4805ms,bonnie-vm2,11518,1,4969ms,bonnie-vm2,32519,3,2298ms,bonnie-vm2,32667,3,2909ms,bonnie-vm2,16828,1,3219ms,bonnie-vm2,27581,3,4174ms,bonnie-vm2,32447,3,2644ms,bonnie-vm3,21688,2,127s,bonnie-vm3,27140,3,5285ms,bonnie-vm3,26875,2,3484ms,bonnie-vm3,30979,3,2313ms,bonnie-vm3,35955,3,3054ms,bonnie-vm3,39615,4,2818ms,bonnie-vm4,29862,3,2315ms,bonnie-vm4,25519,3,2773ms,bonnie-vm4,29413,3,2515ms,bonnie-vm4,25788,3,2699ms,bonnie-vm4,34087,4,2741ms,bonnie-vm4,28366,3,2194ms
Sequential Output,Rewrite,6,bonnie-vm1,61774,6,4215ms,bonnie-vm1,63044,6,3138ms,bonnie-vm1,68919,7,3002ms,bonnie-vm1,62850,6,3076ms,bonnie-vm1,61509,6,3292ms,bonnie-vm1,61379,6,3496ms,bonnie-vm2,71371,7,2763ms,bonnie-vm2,41105,4,128s,bonnie-vm2,72516,7,2944ms,bonnie-vm2,70914,7,2535ms,bonnie-vm2,72631,7,3654ms,bonnie-vm2,69064,7,2942ms,bonnie-vm3,60227,6,4480ms,bonnie-vm3,56493,5,4339ms,bonnie-vm3,33424,3,128s,bonnie-vm3,65308,6,3235ms,bonnie-vm3,59604,6,4662ms,bonnie-vm3,55725,5,3689ms,bonnie-vm4,51462,5,5624ms,bonnie-vm4,55372,6,4332ms,bonnie-vm4,50276,5,5585ms,bonnie-vm4,52863,5,5482ms,bonnie-vm4,59273,6,4314ms,bonnie-vm4,50570,5,4324ms
Sequential Input,Per character,6,bonnie-vm1,3572,80,2228us,bonnie-vm1,3562,81,4119us,bonnie-vm1,3577,82,4133us,bonnie-vm1,3936,86,2066us,bonnie-vm1,3611,81,2127us,bonnie-vm1,3736,84,2125us,bonnie-vm2,3518,79,2243us,bonnie-vm2,3143,80,2610us,bonnie-vm2,3715,82,3870us,bonnie-vm2,3657,81,2089us,bonnie-vm2,3657,83,3979us,bonnie-vm2,3529,80,2111us,bonnie-vm3,2892,64,2094us,bonnie-vm3,2932,66,4984us,bonnie-vm3,2957,67,8900us,bonnie-vm3,2730,67,2897us,bonnie-vm3,2691,60,2346us,bonnie-vm3,2957,66,2048us,bonnie-vm4,2299,54,21865us,bonnie-vm4,2298,52,21832us,bonnie-vm4,2824,63,13880us,bonnie-vm4,2722,62,14010us,bonnie-vm4,2277,56,21800us,bonnie-vm4,2876,65,13949us
Sequential Input,Block,6,bonnie-vm1,862628,57,2918us,bonnie-vm1,844043,58,3145us,bonnie-vm1,835610,59,2104us,bonnie-vm1,877225,59,1534us,bonnie-vm1,904167,60,1476us,bonnie-vm1,928048,60,1684us,bonnie-vm2,934020,62,2146us,bonnie-vm2,1154638,55,1214us,bonnie-vm2,946112,63,1204us,bonnie-vm2,952966,64,938us,bonnie-vm2,842352,54,23550us,bonnie-vm2,975811,65,1175us,bonnie-vm3,958768,65,10405us,bonnie-vm3,786421,50,10443us,bonnie-vm3,1376359,72,10253us,bonnie-vm3,970645,66,10215us,bonnie-vm3,788776,50,10210us,bonnie-vm3,986987,67,10271us,bonnie-vm4,862149,49,10886us,bonnie-vm4,831686,50,10761us,bonnie-vm4,672973,40,18631us,bonnie-vm4,673396,39,20728us,bonnie-vm4,641513,39,10076us,bonnie-vm4,1088241,65,10408us
Random,Seeks,6,bonnie-vm1,53.0,0,2917us,bonnie-vm1,53.0,0,3130us,bonnie-vm1,52.8,0,3357ms,bonnie-vm1,52.8,0,2673ms,bonnie-vm1,52.7,0,129s,bonnie-vm1,52.9,0,7893ms,bonnie-vm2,166.6,1,8920ms,bonnie-vm2,361.9,2,3058us,bonnie-vm2,166.6,2,5870ms,bonnie-vm2,166.6,1,4825ms,bonnie-vm2,164.0,2,4664ms,bonnie-vm2,166.4,1,3828ms,bonnie-vm3,135.7,1,8106ms,bonnie-vm3,136.4,1,8768ms,bonnie-vm3,173.5,2,5985us,bonnie-vm3,136.4,1,5725ms,bonnie-vm3,136.4,1,7333ms,bonnie-vm3,136.4,1,7348ms,bonnie-vm4,156.2,1,4109us,bonnie-vm4,98.9,2,11153ms,bonnie-vm4,155.0,2,13792ms,bonnie-vm4,155.0,2,10445ms,bonnie-vm4,101.6,1,7087ms,bonnie-vm4,155.2,2,4966ms
Sequential Create,Create,6,bonnie-vm1,4623,6,688ms,bonnie-vm1,4632,6,601ms,bonnie-vm1,4623,6,344us,bonnie-vm1,4623,6,290ms,bonnie-vm1,4623,6,483us,bonnie-vm1,4628,6,278ms,bonnie-vm2,5463,7,376ms,bonnie-vm2,5456,7,379ms,bonnie-vm2,5456,7,373ms,bonnie-vm2,5456,7,342us,bonnie-vm2,5469,7,209ms,bonnie-vm2,5455,7,192ms,bonnie-vm3,4840,6,211ms,bonnie-vm3,4863,7,323ms,bonnie-vm3,4840,6,363ms,bonnie-vm3,4841,6,469ms,bonnie-vm3,4840,6,329ms,bonnie-vm3,4840,6,365us,bonnie-vm4,3184,4,597ms,bonnie-vm4,3179,4,157ms,bonnie-vm4,3178,4,540ms,bonnie-vm4,3178,4,653ms,bonnie-vm4,3174,4,753ms,bonnie-vm4,3173,4,367us
Sequential Create,Read,6,bonnie-vm1,+++++,+++,367us,bonnie-vm1,+++++,+++,386us,bonnie-vm1,+++++,+++,336us,bonnie-vm1,+++++,+++,342us,bonnie-vm1,+++++,+++,367us,bonnie-vm1,+++++,+++,367us,bonnie-vm2,+++++,+++,353us,bonnie-vm2,+++++,+++,364us,bonnie-vm2,+++++,+++,396us,bonnie-vm2,+++++,+++,339us,bonnie-vm2,+++++,+++,369us,bonnie-vm2,+++++,+++,349us,bonnie-vm3,+++++,+++,373us,bonnie-vm3,+++++,+++,360us,bonnie-vm3,+++++,+++,550us,bonnie-vm3,+++++,+++,620us,bonnie-vm3,+++++,+++,376us,bonnie-vm3,+++++,+++,360us,bonnie-vm4,+++++,+++,361us,bonnie-vm4,+++++,+++,354us,bonnie-vm4,+++++,+++,12022us,bonnie-vm4,+++++,+++,645us,bonnie-vm4,+++++,+++,346us,bonnie-vm4,+++++,+++,353us
Sequential Create,Delete,6,bonnie-vm1,1943,2,1369us,bonnie-vm1,1942,2,791us,bonnie-vm1,1943,2,887us,bonnie-vm1,1942,2,762us,bonnie-vm1,1943,2,1134us,bonnie-vm1,1943,2,858us,bonnie-vm2,7721,9,629us,bonnie-vm2,7721,8,718us,bonnie-vm2,7721,9,722us,bonnie-vm2,7721,9,1009us,bonnie-vm2,7721,9,752us,bonnie-vm2,7721,9,713us,bonnie-vm3,2363,2,1085us,bonnie-vm3,2363,3,1006us,bonnie-vm3,2363,3,756us,bonnie-vm3,2363,3,1077us,bonnie-vm3,2363,3,1212us,bonnie-vm3,2363,3,1013us,bonnie-vm4,1012,1,884us,bonnie-vm4,1012,1,627us,bonnie-vm4,1012,1,176ms,bonnie-vm4,1012,1,176ms,bonnie-vm4,1012,1,158ms,bonnie-vm4,1012,1,540ms
Random create,Create,6,bonnie-vm1,3050,4,431ms,bonnie-vm1,3113,4,199ms,bonnie-vm1,3047,3,289us,bonnie-vm1,3048,4,194ms,bonnie-vm1,3052,3,169ms,bonnie-vm1,3050,4,164ms,bonnie-vm2,5531,7,287us,bonnie-vm2,5724,7,120ms,bonnie-vm2,5531,7,148ms,bonnie-vm2,5531,7,154ms,bonnie-vm2,5539,7,124ms,bonnie-vm2,5538,7,108ms,bonnie-vm3,3282,4,137ms,bonnie-vm3,3277,4,143ms,bonnie-vm3,3282,4,458us,bonnie-vm3,3287,4,135ms,bonnie-vm3,3283,4,120ms,bonnie-vm3,3277,4,136ms,bonnie-vm4,6443,9,110ms,bonnie-vm4,6452,9,242us,bonnie-vm4,6472,9,102ms,bonnie-vm4,6473,9,320ms,bonnie-vm4,6505,9,346ms,bonnie-vm4,6472,9,143ms
Random create,Read,6,bonnie-vm1,+++++,+++,75us,bonnie-vm1,+++++,+++,24us,bonnie-vm1,+++++,+++,46us,bonnie-vm1,+++++,+++,21us,bonnie-vm1,+++++,+++,16us,bonnie-vm1,+++++,+++,17us,bonnie-vm2,+++++,+++,30us,bonnie-vm2,+++++,+++,42us,bonnie-vm2,+++++,+++,59us,bonnie-vm2,+++++,+++,45us,bonnie-vm2,+++++,+++,23us,bonnie-vm2,+++++,+++,25us,bonnie-vm3,+++++,+++,56us,bonnie-vm3,+++++,+++,23us,bonnie-vm3,+++++,+++,27us,bonnie-vm3,+++++,+++,21us,bonnie-vm3,+++++,+++,50us,bonnie-vm3,+++++,+++,26us,bonnie-vm4,+++++,+++,12021us,bonnie-vm4,+++++,+++,46us,bonnie-vm4,+++++,+++,5481us,bonnie-vm4,+++++,+++,6767us,bonnie-vm4,+++++,+++,11984us,bonnie-vm4,+++++,+++,70us
Random create,Delete,6,bonnie-vm1,2113,2,780us,bonnie-vm1,2113,2,756us,bonnie-vm1,2113,2,1108us,bonnie-vm1,2113,2,746us,bonnie-vm1,2113,2,1087us,bonnie-vm1,2113,2,1352us,bonnie-vm2,3182,4,1445us,bonnie-vm2,3182,3,756us,bonnie-vm2,3182,4,998us,bonnie-vm2,3182,4,1205us,bonnie-vm2,3182,3,1061us,bonnie-vm2,3182,3,849us,bonnie-vm3,2074,2,1100us,bonnie-vm3,2074,2,1109us,bonnie-vm3,2074,2,853us,bonnie-vm3,2074,2,1374us,bonnie-vm3,2074,2,690us,bonnie-vm3,2074,2,756us,bonnie-vm4,1534,1,557us,bonnie-vm4,1534,1,498ms,bonnie-vm4,1536,1,118ms,bonnie-vm4,1535,1,303ms,bonnie-vm4,1534,1,567us,bonnie-vm4,1534,1,236ms
Method,Sub name,Concurrency,bonnie-vm1,VDB_Ksec,VDB_%CPU,VDB_Latency,bonnie-vm1,VDC_Ksec,VDC_%CPU,VDC_Latency,bonnie-vm1,VDD_Ksec,VDD_%CPU,VDD_Latency,bonnie-vm1,VDE_Ksec,VDE_%CPU,VDE_Latency,bonnie-vm1,VDF_Ksec,VDF_%CPU,VDF_Latency,bonnie-vm1,VDG_Ksec,VDG_%CPU,VDG_Latency,bonnie-vm1,VDH_Ksec,VDH_%CPU,VDH_Latency,bonnie-vm2,VDB_Ksec,VDB_%CPU,VDB_Latency,bonnie-vm2,VDC_Ksec,VDC_%CPU,VDC_Latency,bonnie-vm2,VDD_Ksec,VDD_%CPU,VDD_Latency,bonnie-vm2,VDE_Ksec,VDE_%CPU,VDE_Latency,bonnie-vm2,VDF_Ksec,VDF_%CPU,VDF_Latency,bonnie-vm2,VDG_Ksec,VDG_%CPU,VDG_Latency,bonnie-vm2,VDH_Ksec,VDH_%CPU,VDH_Latency,bonnie-vm3,VDB_Ksec,VDB_%CPU,VDB_Latency,bonnie-vm3,VDC_Ksec,VDC_%CPU,VDC_Latency,bonnie-vm3,VDD_Ksec,VDD_%CPU,VDD_Latency,bonnie-vm3,VDE_Ksec,VDE_%CPU,VDE_Latency,bonnie-vm3,VDF_Ksec,VDF_%CPU,VDF_Latency,bonnie-vm3,VDG_Ksec,VDG_%CPU,VDG_Latency,bonnie-vm3,VDH_Ksec,VDH_%CPU,VDH_Latency,bonnie-vm4,VDB_Ksec,VDB_%CPU,VDB_Latency,bonnie-vm4,VDC_Ksec,VDC_%CPU,VDC_Latency,bonnie-vm4,VDD_Ksec,VDD_%CPU,VDD_Latency,bonnie-vm4,VDE_Ksec,VDE_%CPU,VDE_Latency,bonnie-vm4,VDF_Ksec,VDF_%CPU,VDF_Latency,bonnie-vm4,VDG_Ksec,VDG_%CPU,VDG_Latency,bonnie-vm4,VDH_Ksec,VDH_%CPU,VDH_Latency
Sequential Output,Per character,7,bonnie-vm1,722,90,10308us,bonnie-vm1,712,89,12018us,bonnie-vm1,743,92,16435us,bonnie-vm1,737,93,18071us,bonnie-vm1,741,93,11027us,bonnie-vm1,751,91,10442us,bonnie-vm1,737,92,10210us,bonnie-vm2,787,95,10099us,bonnie-vm2,755,95,11770us,bonnie-vm2,693,94,11851us,bonnie-vm2,749,95,11414us,bonnie-vm2,750,91,10388us,bonnie-vm2,751,94,10386us,bonnie-vm2,734,92,11168us,bonnie-vm3,731,90,10631us,bonnie-vm3,722,93,10866us,bonnie-vm3,744,92,21959us,bonnie-vm3,755,92,11355us,bonnie-vm3,737,91,10905us,bonnie-vm3,776,92,10336us,bonnie-vm3,743,90,25758us,bonnie-vm4,319,52,837ms,bonnie-vm4,354,55,37157us,bonnie-vm4,333,49,189ms,bonnie-vm4,285,43,2752ms,bonnie-vm4,343,50,537ms,bonnie-vm4,343,51,35859us,bonnie-vm4,294,45,2687ms
Sequential Output,Block,7,bonnie-vm1,28341,3,5869ms,bonnie-vm1,25483,2,3492ms,bonnie-vm1,17918,2,6191ms,bonnie-vm1,28108,3,3288ms,bonnie-vm1,26808,2,4616ms,bonnie-vm1,30354,3,2913ms,bonnie-vm1,27505,3,2691ms,bonnie-vm2,19148,2,8605ms,bonnie-vm2,22589,2,6858ms,bonnie-vm2,23108,2,5247ms,bonnie-vm2,25025,2,3086ms,bonnie-vm2,20956,2,5342ms,bonnie-vm2,25181,2,5993ms,bonnie-vm2,27022,3,3432ms,bonnie-vm3,26031,2,4929ms,bonnie-vm3,25600,2,3110ms,bonnie-vm3,25556,2,6685ms,bonnie-vm3,21326,2,4432ms,bonnie-vm3,25060,2,4886ms,bonnie-vm3,23568,2,2659ms,bonnie-vm3,26652,3,4259ms,bonnie-vm4,28490,3,4305ms,bonnie-vm4,27687,3,3204ms,bonnie-vm4,27326,3,4528ms,bonnie-vm4,26789,3,3329ms,bonnie-vm4,26132,3,7391ms,bonnie-vm4,13312,1,3336ms,bonnie-vm4,16466,2,5808ms
Sequential Output,Rewrite,7,bonnie-vm1,35606,4,5019ms,bonnie-vm1,34816,3,4745ms,bonnie-vm1,35062,4,5728ms,bonnie-vm1,35765,4,5799ms,bonnie-vm1,34650,3,5151ms,bonnie-vm1,34206,3,5570ms,bonnie-vm1,34619,3,7648ms,bonnie-vm2,35717,3,5315ms,bonnie-vm2,38678,4,4419ms,bonnie-vm2,34454,3,6330ms,bonnie-vm2,37421,4,5661ms,bonnie-vm2,34922,3,5539ms,bonnie-vm2,28494,2,128s,bonnie-vm2,37008,4,7170ms,bonnie-vm3,40924,4,4814ms,bonnie-vm3,39033,4,5085ms,bonnie-vm3,38427,4,5096ms,bonnie-vm3,40370,4,6544ms,bonnie-vm3,40226,4,5281ms,bonnie-vm3,29524,3,129s,bonnie-vm3,27772,2,132s,bonnie-vm4,44092,5,6637ms,bonnie-vm4,45234,5,4497ms,bonnie-vm4,45447,5,4393ms,bonnie-vm4,45235,5,4270ms,bonnie-vm4,35091,3,127s,bonnie-vm4,45138,5,3440ms,bonnie-vm4,43232,4,6134ms
Sequential Input,Per character,7,bonnie-vm1,2450,55,2124us,bonnie-vm1,2953,69,3957us,bonnie-vm1,2995,67,2079us,bonnie-vm1,2927,66,2125us,bonnie-vm1,2567,58,5888us,bonnie-vm1,2582,61,4343us,bonnie-vm1,2780,62,4431us,bonnie-vm2,2953,67,4229us,bonnie-vm2,2399,53,2125us,bonnie-vm2,2245,51,3179us,bonnie-vm2,2792,62,2192us,bonnie-vm2,2704,63,4532us,bonnie-vm2,2803,64,4237us,bonnie-vm2,3000,67,7130us,bonnie-vm3,2768,61,2079us,bonnie-vm3,2249,54,5481us,bonnie-vm3,1868,42,2280us,bonnie-vm3,2611,58,2035us,bonnie-vm3,1905,42,5476us,bonnie-vm3,2701,61,2213us,bonnie-vm3,1974,44,7580us,bonnie-vm4,2678,70,14208us,bonnie-vm4,2031,46,17855us,bonnie-vm4,2135,51,18109us,bonnie-vm4,2357,53,13950us,bonnie-vm4,2293,54,17086us,bonnie-vm4,2042,49,14298us,bonnie-vm4,2088,52,14127us
Sequential Input,Block,7,bonnie-vm1,799449,47,9841us,bonnie-vm1,878559,54,1002us,bonnie-vm1,877795,55,1013us,bonnie-vm1,876471,56,882us,bonnie-vm1,916309,56,902us,bonnie-vm1,933839,57,958us,bonnie-vm1,810796,48,825us,bonnie-vm2,842231,58,2756us,bonnie-vm2,727925,47,3412us,bonnie-vm2,743775,47,5162us,bonnie-vm2,854096,60,2740us,bonnie-vm2,729928,47,3700us,bonnie-vm2,1276235,64,4302us,bonnie-vm2,746457,47,2760us,bonnie-vm3,792260,55,31549us,bonnie-vm3,741345,48,5213us,bonnie-vm3,755598,50,15197us,bonnie-vm3,857194,60,4698us,bonnie-vm3,743995,48,5332us,bonnie-vm3,1000940,64,4488us,bonnie-vm3,842388,51,5519us,bonnie-vm4,572051,38,19217us,bonnie-vm4,576944,37,19163us,bonnie-vm4,531257,36,36777us,bonnie-vm4,536892,37,37771us,bonnie-vm4,562372,43,23617us,bonnie-vm4,681715,47,16518us,bonnie-vm4,681960,47,21864us
Random,Seeks,7,bonnie-vm1,148.9,1,4932ms,bonnie-vm1,148.7,1,6412ms,bonnie-vm1,148.4,1,7419ms,bonnie-vm1,148.7,1,7274ms,bonnie-vm1,147.5,1,7983ms,bonnie-vm1,148.0,1,8700ms,bonnie-vm1,414.9,3,4003us,bonnie-vm2,106.7,1,11230ms,bonnie-vm2,106.5,1,9049ms,bonnie-vm2,107.1,1,11978ms,bonnie-vm2,107.0,1,15233ms,bonnie-vm2,107.3,1,6706ms,bonnie-vm2,146.0,2,4199us,bonnie-vm2,105.9,1,6955ms,bonnie-vm3,103.3,1,13689ms,bonnie-vm3,104.2,1,9475ms,bonnie-vm3,103.6,1,11364ms,bonnie-vm3,104.5,1,9461ms,bonnie-vm3,107.6,1,13275ms,bonnie-vm3,107.6,1,11340ms,bonnie-vm3,107.7,1,5704us,bonnie-vm4,143.8,1,4931ms,bonnie-vm4,143.9,1,8266ms,bonnie-vm4,143.8,2,4942ms,bonnie-vm4,144.0,1,5619ms,bonnie-vm4,189.5,3,4383us,bonnie-vm4,143.8,1,7421ms,bonnie-vm4,142.5,1,5666ms
Sequential Create,Create,7,bonnie-vm1,2015,3,468ms,bonnie-vm1,2015,3,372ms,bonnie-vm1,2015,3,223ms,bonnie-vm1,2016,3,295us,bonnie-vm1,2015,3,357us,bonnie-vm1,2015,3,333ms,bonnie-vm1,2016,2,527ms,bonnie-vm2,3996,5,136ms,bonnie-vm2,4002,5,258ms,bonnie-vm2,3996,6,253ms,bonnie-vm2,4000,6,236ms,bonnie-vm2,3993,6,401us,bonnie-vm2,3999,6,395ms,bonnie-vm2,3993,6,289us,bonnie-vm3,3733,5,352ms,bonnie-vm3,3734,5,363ms,bonnie-vm3,3733,5,530us,bonnie-vm3,3732,5,357ms,bonnie-vm3,3849,5,813ms,bonnie-vm3,3732,5,294us,bonnie-vm3,3736,5,283us,bonnie-vm4,6223,9,498ms,bonnie-vm4,6245,10,347ms,bonnie-vm4,6245,9,358ms,bonnie-vm4,6223,10,16039us,bonnie-vm4,6223,10,172ms,bonnie-vm4,6223,10,370ms,bonnie-vm4,6244,9,239ms
Sequential Create,Read,7,bonnie-vm1,+++++,+++,394us,bonnie-vm1,+++++,+++,3985us,bonnie-vm1,+++++,+++,403us,bonnie-vm1,+++++,+++,410us,bonnie-vm1,+++++,+++,358us,bonnie-vm1,+++++,+++,347us,bonnie-vm1,+++++,+++,366us,bonnie-vm2,+++++,+++,351us,bonnie-vm2,+++++,+++,349us,bonnie-vm2,+++++,+++,351us,bonnie-vm2,+++++,+++,359us,bonnie-vm2,+++++,+++,348us,bonnie-vm2,+++++,+++,360us,bonnie-vm2,+++++,+++,361us,bonnie-vm3,+++++,+++,374us,bonnie-vm3,+++++,+++,375us,bonnie-vm3,+++++,+++,353us,bonnie-vm3,+++++,+++,346us,bonnie-vm3,+++++,+++,352us,bonnie-vm3,+++++,+++,374us,bonnie-vm3,+++++,+++,347us,bonnie-vm4,+++++,+++,12021us,bonnie-vm4,+++++,+++,12017us,bonnie-vm4,+++++,+++,12017us,bonnie-vm4,+++++,+++,12019us,bonnie-vm4,+++++,+++,363us,bonnie-vm4,+++++,+++,12020us,bonnie-vm4,+++++,+++,8073us
Sequential Create,Delete,7,bonnie-vm1,1234,1,689us,bonnie-vm1,1234,1,690us,bonnie-vm1,1234,1,717us,bonnie-vm1,1234,1,620us,bonnie-vm1,1234,1,705us,bonnie-vm1,1234,1,702us,bonnie-vm1,1234,1,1036us,bonnie-vm2,3227,4,1106us,bonnie-vm2,3227,4,823us,bonnie-vm2,3227,4,1359us,bonnie-vm2,3227,3,818us,bonnie-vm2,3227,4,1149us,bonnie-vm2,3227,4,771us,bonnie-vm2,3227,3,1071us,bonnie-vm3,1024,1,855us,bonnie-vm3,1024,1,859us,bonnie-vm3,1024,1,816us,bonnie-vm3,1024,1,1116us,bonnie-vm3,1024,1,787us,bonnie-vm3,1024,1,854us,bonnie-vm3,1024,1,1106us,bonnie-vm4,2520,2,2564us,bonnie-vm4,2520,3,285ms,bonnie-vm4,2524,3,1265ms,bonnie-vm4,2520,3,250ms,bonnie-vm4,2520,3,135ms,bonnie-vm4,2524,3,116ms,bonnie-vm4,2525,3,139ms
Random create,Create,7,bonnie-vm1,3394,4,285ms,bonnie-vm1,3390,4,330ms,bonnie-vm1,3390,4,312ms,bonnie-vm1,3392,4,332ms,bonnie-vm1,3392,4,463us,bonnie-vm1,3397,4,329ms,bonnie-vm1,3397,5,317ms,bonnie-vm2,4213,6,330us,bonnie-vm2,4226,5,135ms,bonnie-vm2,4217,5,391us,bonnie-vm2,4221,6,209ms,bonnie-vm2,4213,6,187ms,bonnie-vm2,4226,5,188ms,bonnie-vm2,4212,5,195ms,bonnie-vm3,1899,2,320ms,bonnie-vm3,1897,2,130ms,bonnie-vm3,1923,2,212ms,bonnie-vm3,1898,2,221ms,bonnie-vm3,1897,2,294ms,bonnie-vm3,1897,2,473us,bonnie-vm3,1898,2,319ms,bonnie-vm4,8725,12,319ms,bonnie-vm4,8730,12,205ms,bonnie-vm4,8652,12,162ms,bonnie-vm4,8708,13,115ms,bonnie-vm4,8740,13,180ms,bonnie-vm4,8684,12,207ms,bonnie-vm4,8650,12,16040us
Random create,Read,7,bonnie-vm1,+++++,+++,30us,bonnie-vm1,+++++,+++,17us,bonnie-vm1,+++++,+++,39us,bonnie-vm1,+++++,+++,17us,bonnie-vm1,+++++,+++,25us,bonnie-vm1,+++++,+++,39us,bonnie-vm1,+++++,+++,4083us,bonnie-vm2,+++++,+++,33us,bonnie-vm2,+++++,+++,25us,bonnie-vm2,+++++,+++,29us,bonnie-vm2,+++++,+++,41us,bonnie-vm2,+++++,+++,56us,bonnie-vm2,+++++,+++,27us,bonnie-vm2,+++++,+++,48us,bonnie-vm3,+++++,+++,28us,bonnie-vm3,+++++,+++,24us,bonnie-vm3,+++++,+++,22us,bonnie-vm3,+++++,+++,22us,bonnie-vm3,+++++,+++,20us,bonnie-vm3,+++++,+++,28us,bonnie-vm3,+++++,+++,25us,bonnie-vm4,+++++,+++,12017us,bonnie-vm4,+++++,+++,28us,bonnie-vm4,+++++,+++,7094us,bonnie-vm4,+++++,+++,11980us,bonnie-vm4,+++++,+++,12008us,bonnie-vm4,+++++,+++,36us,bonnie-vm4,+++++,+++,12017us
Random create,Delete,7,bonnie-vm1,1363,1,796us,bonnie-vm1,1363,1,762us,bonnie-vm1,1363,1,838us,bonnie-vm1,1363,1,1120us,bonnie-vm1,1363,1,1115us,bonnie-vm1,1363,1,787us,bonnie-vm1,1363,1,1386us,bonnie-vm2,4894,6,1085us,bonnie-vm2,4894,5,733us,bonnie-vm2,4894,6,718us,bonnie-vm2,4894,5,827us,bonnie-vm2,4895,6,742us,bonnie-vm2,4894,6,828us,bonnie-vm2,4894,6,749us,bonnie-vm3,1499,1,756us,bonnie-vm3,1499,1,756us,bonnie-vm3,1499,1,1198us,bonnie-vm3,1499,2,849us,bonnie-vm3,1499,1,736us,bonnie-vm3,1499,1,1102us,bonnie-vm3,1499,1,1330us,bonnie-vm4,1714,2,2091ms,bonnie-vm4,1713,2,136ms,bonnie-vm4,1715,2,325ms,bonnie-vm4,1717,2,192ms,bonnie-vm4,3331,3,345ms,bonnie-vm4,3331,3,589us,bonnie-vm4,1715,2,130ms
Method,Sub name,Concurrency,bonnie-vm1,VDB_Ksec,VDB_%CPU,VDB_Latency,bonnie-vm1,VDC_Ksec,VDC_%CPU,VDC_Latency,bonnie-vm1,VDD_Ksec,VDD_%CPU,VDD_Latency,bonnie-vm1,VDE_Ksec,VDE_%CPU,VDE_Latency,bonnie-vm1,VDF_Ksec,VDF_%CPU,VDF_Latency,bonnie-vm1,VDG_Ksec,VDG_%CPU,VDG_Latency,bonnie-vm1,VDH_Ksec,VDH_%CPU,VDH_Latency,bonnie-vm1,VDI_Ksec,VDI_%CPU,VDI_Latency,bonnie-vm2,VDB_Ksec,VDB_%CPU,VDB_Latency,bonnie-vm2,VDC_Ksec,VDC_%CPU,VDC_Latency,bonnie-vm2,VDD_Ksec,VDD_%CPU,VDD_Latency,bonnie-vm2,VDE_Ksec,VDE_%CPU,VDE_Latency,bonnie-vm2,VDF_Ksec,VDF_%CPU,VDF_Latency,bonnie-vm2,VDG_Ksec,VDG_%CPU,VDG_Latency,bonnie-vm2,VDH_Ksec,VDH_%CPU,VDH_Latency,bonnie-vm2,VDI_Ksec,VDI_%CPU,VDI_Latency,bonnie-vm3,VDB_Ksec,VDB_%CPU,VDB_Latency,bonnie-vm3,VDC_Ksec,VDC_%CPU,VDC_Latency,bonnie-vm3,VDD_Ksec,VDD_%CPU,VDD_Latency,bonnie-vm3,VDE_Ksec,VDE_%CPU,VDE_Latency,bonnie-vm3,VDF_Ksec,VDF_%CPU,VDF_Latency,bonnie-vm3,VDG_Ksec,VDG_%CPU,VDG_Latency,bonnie-vm3,VDH_Ksec,VDH_%CPU,VDH_Latency,bonnie-vm3,VDI_Ksec,VDI_%CPU,VDI_Latency,bonnie-vm4,VDB_Ksec,VDB_%CPU,VDB_Latency,bonnie-vm4,VDC_Ksec,VDC_%CPU,VDC_Latency,bonnie-vm4,VDD_Ksec,VDD_%CPU,VDD_Latency,bonnie-vm4,VDE_Ksec,VDE_%CPU,VDE_Latency,bonnie-vm4,VDF_Ksec,VDF_%CPU,VDF_Latency,bonnie-vm4,VDG_Ksec,VDG_%CPU,VDG_Latency,bonnie-vm4,VDH_Ksec,VDH_%CPU,VDH_Latency,bonnie-vm4,VDI_Ksec,VDI_%CPU,VDI_Latency
Sequential Output,Per character,8,bonnie-vm1,755,93,10335us,bonnie-vm1,757,92,16185us,bonnie-vm1,692,86,11540us,bonnie-vm1,735,91,15888us,bonnie-vm1,752,93,10764us,bonnie-vm1,786,93,10067us,bonnie-vm1,735,92,12563us,bonnie-vm1,739,92,10499us,bonnie-vm2,677,85,10967us,bonnie-vm2,781,92,29438us,bonnie-vm2,693,90,11219us,bonnie-vm2,732,93,25123us,bonnie-vm2,729,92,18436us,bonnie-vm2,726,92,12262us,bonnie-vm2,723,91,10593us,bonnie-vm2,738,92,12184us,bonnie-vm3,739,92,11478us,bonnie-vm3,735,92,25901us,bonnie-vm3,723,91,10576us,bonnie-vm3,700,94,12002us,bonnie-vm3,724,90,26159us,bonnie-vm3,738,92,10742us,bonnie-vm3,769,93,14022us,bonnie-vm3,738,92,11840us,bonnie-vm4,258,38,1599ms,bonnie-vm4,249,38,1534ms,bonnie-vm4,258,40,1010ms,bonnie-vm4,297,45,363ms,bonnie-vm4,280,42,772ms,bonnie-vm4,293,43,888ms,bonnie-vm4,298,45,744ms,bonnie-vm4,261,39,1272ms
Sequential Output,Block,8,bonnie-vm1,24267,2,4127ms,bonnie-vm1,22526,2,5262ms,bonnie-vm1,19202,2,5858ms,bonnie-vm1,25403,2,3838ms,bonnie-vm1,22267,2,3548ms,bonnie-vm1,22530,2,3889ms,bonnie-vm1,24295,2,4458ms,bonnie-vm1,27376,3,1576ms,bonnie-vm2,22518,2,4702ms,bonnie-vm2,19513,2,4992ms,bonnie-vm2,21701,2,3604ms,bonnie-vm2,23303,2,4696ms,bonnie-vm2,23769,2,3399ms,bonnie-vm2,25376,2,6545ms,bonnie-vm2,17981,2,5519ms,bonnie-vm2,29846,3,2678ms,bonnie-vm3,21649,2,3599ms,bonnie-vm3,22198,2,5084ms,bonnie-vm3,23719,2,4003ms,bonnie-vm3,17326,2,4977ms,bonnie-vm3,21450,2,3432ms,bonnie-vm3,22948,2,5338ms,bonnie-vm3,13235,1,127s,bonnie-vm3,18531,2,4347ms,bonnie-vm4,22441,2,3559ms,bonnie-vm4,23954,3,4716ms,bonnie-vm4,16325,2,5280ms,bonnie-vm4,21655,2,6457ms,bonnie-vm4,23386,2,3823ms,bonnie-vm4,22193,2,5357ms,bonnie-vm4,23079,2,3943ms,bonnie-vm4,20414,2,5305ms
Sequential Output,Rewrite,8,bonnie-vm1,23632,2,129s,bonnie-vm1,22268,2,128s,bonnie-vm1,34675,4,3991ms,bonnie-vm1,33389,3,5875ms,bonnie-vm1,32598,3,4936ms,bonnie-vm1,30178,3,6776ms,bonnie-vm1,32386,3,8774ms,bonnie-vm1,30425,3,8443ms,bonnie-vm2,29653,3,5664ms,bonnie-vm2,30108,3,7738ms,bonnie-vm2,28946,3,7774ms,bonnie-vm2,28455,3,7881ms,bonnie-vm2,28599,3,5278ms,bonnie-vm2,30423,3,6737ms,bonnie-vm2,20679,2,125s,bonnie-vm2,29071,3,5926ms,bonnie-vm3,35947,4,6491ms,bonnie-vm3,34817,4,7037ms,bonnie-vm3,35327,4,5035ms,bonnie-vm3,35527,4,8169ms,bonnie-vm3,36264,4,7336ms,bonnie-vm3,36452,4,6869ms,bonnie-vm3,34675,4,6199ms,bonnie-vm3,35667,4,6458ms,bonnie-vm4,29379,3,6557ms,bonnie-vm4,29822,3,8518ms,bonnie-vm4,30898,3,4758ms,bonnie-vm4,28235,3,7392ms,bonnie-vm4,29453,3,6073ms,bonnie-vm4,31223,3,5111ms,bonnie-vm4,28577,3,8429ms,bonnie-vm4,29083,3,6428ms
Sequential Input,Per character,8,bonnie-vm1,3008,69,3958us,bonnie-vm1,2981,67,6198us,bonnie-vm1,3268,73,2307us,bonnie-vm1,3268,74,3991us,bonnie-vm1,3298,74,3602us,bonnie-vm1,2265,51,10478us,bonnie-vm1,2978,66,3957us,bonnie-vm1,3393,71,2331us,bonnie-vm2,2371,56,10123us,bonnie-vm2,2127,51,4208us,bonnie-vm2,2439,54,2109us,bonnie-vm2,3167,71,14132us,bonnie-vm2,2439,55,2164us,bonnie-vm2,2128,50,4378us,bonnie-vm2,2425,58,6263us,bonnie-vm2,2962,64,5941us,bonnie-vm3,3489,78,2110us,bonnie-vm3,3467,79,13145us,bonnie-vm3,3311,75,2181us,bonnie-vm3,3469,78,7401us,bonnie-vm3,3461,78,3458us,bonnie-vm3,3468,79,3637us,bonnie-vm3,3472,79,17022us,bonnie-vm3,3482,78,2125us,bonnie-vm4,1846,42,14949us,bonnie-vm4,1664,39,17850us,bonnie-vm4,2008,43,25852us,bonnie-vm4,1897,43,26849us,bonnie-vm4,1999,47,25923us,bonnie-vm4,2088,47,13945us,bonnie-vm4,2036,49,34896us,bonnie-vm4,1999,42,13870us
Sequential Input,Block,8,bonnie-vm1,695601,45,6898us,bonnie-vm1,760102,45,7678us,bonnie-vm1,697601,50,7135us,bonnie-vm1,703857,51,6807us,bonnie-vm1,710832,52,6812us,bonnie-vm1,677711,48,31785us,bonnie-vm1,659458,45,13437us,bonnie-vm1,676708,46,14999us,bonnie-vm2,756293,53,5797us,bonnie-vm2,683787,47,14508us,bonnie-vm2,699773,47,10713us,bonnie-vm2,727035,48,7151us,bonnie-vm2,697773,47,6944us,bonnie-vm2,770637,56,5877us,bonnie-vm2,720147,48,5663us,bonnie-vm2,716473,48,10867us,bonnie-vm3,710313,51,6165us,bonnie-vm3,694143,45,6228us,bonnie-vm3,674433,46,12600us,bonnie-vm3,676933,45,6129us,bonnie-vm3,671874,45,6021us,bonnie-vm3,731695,53,6145us,bonnie-vm3,685985,46,6219us,bonnie-vm3,677545,46,6136us,bonnie-vm4,567294,35,20327us,bonnie-vm4,572484,35,29620us,bonnie-vm4,522863,32,24345us,bonnie-vm4,565277,32,24952us,bonnie-vm4,527413,31,24578us,bonnie-vm4,544150,34,11579us,bonnie-vm4,567229,34,14477us,bonnie-vm4,554466,34,10308us
Random,Seeks,8,bonnie-vm1,44.0,0,129s,bonnie-vm1,45.6,0,2540us,bonnie-vm1,43.9,0,129s,bonnie-vm1,43.9,0,129s,bonnie-vm1,43.8,0,129s,bonnie-vm1,44.0,0,129s,bonnie-vm1,43.9,0,135s,bonnie-vm1,43.9,0,131s,bonnie-vm2,178.2,2,9870ms,bonnie-vm2,180.3,2,5760us,bonnie-vm2,180.2,2,1587ms,bonnie-vm2,178.6,2,6450ms,bonnie-vm2,180.2,2,4218us,bonnie-vm2,179.1,1,5651ms,bonnie-vm2,178.7,2,7648ms,bonnie-vm2,178.9,1,5748ms,bonnie-vm3,143.5,1,5512ms,bonnie-vm3,155.9,2,5395us,bonnie-vm3,155.9,1,2089ms,bonnie-vm3,143.7,1,5097ms,bonnie-vm3,143.6,1,5246ms,bonnie-vm3,142.9,1,4320ms,bonnie-vm3,143.5,1,4383ms,bonnie-vm3,143.4,1,5375ms,bonnie-vm4,111.8,1,14607ms,bonnie-vm4,114.5,1,6924ms,bonnie-vm4,114.9,1,7811ms,bonnie-vm4,115.6,1,6636ms,bonnie-vm4,128.0,1,3945us,bonnie-vm4,115.5,1,8600ms,bonnie-vm4,115.5,1,10643ms,bonnie-vm4,115.5,1,16102ms
Sequential Create,Create,8,bonnie-vm1,5310,8,306us,bonnie-vm1,5325,8,355ms,bonnie-vm1,5307,8,617us,bonnie-vm1,5307,8,239ms,bonnie-vm1,5317,8,380us,bonnie-vm1,5317,7,451ms,bonnie-vm1,5321,7,384ms,bonnie-vm1,5309,8,401us,bonnie-vm2,5891,8,349ms,bonnie-vm2,5898,8,362ms,bonnie-vm2,5896,8,589ms,bonnie-vm2,5905,8,484ms,bonnie-vm2,5912,8,523ms,bonnie-vm2,5895,8,282us,bonnie-vm2,5908,8,147ms,bonnie-vm2,5908,9,268us,bonnie-vm3,3931,6,274ms,bonnie-vm3,3949,5,398ms,bonnie-vm3,3937,5,392ms,bonnie-vm3,3926,6,386ms,bonnie-vm3,3924,6,288us,bonnie-vm3,3931,6,276us,bonnie-vm3,3938,6,237ms,bonnie-vm3,3930,6,274ms,bonnie-vm4,5235,8,223ms,bonnie-vm4,5217,8,261ms,bonnie-vm4,5253,8,135ms,bonnie-vm4,5240,8,353ms,bonnie-vm4,5270,8,22607us,bonnie-vm4,5587,8,665ms,bonnie-vm4,5234,7,291ms,bonnie-vm4,5234,8,636ms
Sequential Create,Read,8,bonnie-vm1,+++++,+++,375us,bonnie-vm1,+++++,+++,358us,bonnie-vm1,+++++,+++,521us,bonnie-vm1,+++++,+++,545us,bonnie-vm1,+++++,+++,349us,bonnie-vm1,+++++,+++,359us,bonnie-vm1,+++++,+++,355us,bonnie-vm1,+++++,+++,347us,bonnie-vm2,+++++,+++,372us,bonnie-vm2,+++++,+++,532us,bonnie-vm2,+++++,+++,370us,bonnie-vm2,+++++,+++,345us,bonnie-vm2,+++++,+++,571us,bonnie-vm2,+++++,+++,540us,bonnie-vm2,+++++,+++,535us,bonnie-vm2,+++++,+++,337us,bonnie-vm3,+++++,+++,559us,bonnie-vm3,+++++,+++,346us,bonnie-vm3,+++++,+++,535us,bonnie-vm3,+++++,+++,351us,bonnie-vm3,+++++,+++,360us,bonnie-vm3,+++++,+++,341us,bonnie-vm3,+++++,+++,360us,bonnie-vm3,+++++,+++,345us,bonnie-vm4,+++++,+++,350us,bonnie-vm4,+++++,+++,367us,bonnie-vm4,+++++,+++,353us,bonnie-vm4,+++++,+++,16028us,bonnie-vm4,+++++,+++,12276us,bonnie-vm4,+++++,+++,8318us,bonnie-vm4,+++++,+++,24023us,bonnie-vm4,+++++,+++,346us
Sequential Create,Delete,8,bonnie-vm1,2072,2,958us,bonnie-vm1,2072,2,962us,bonnie-vm1,2072,2,797us,bonnie-vm1,2072,2,885us,bonnie-vm1,2072,2,962us,bonnie-vm1,2072,2,779us,bonnie-vm1,2072,2,694us,bonnie-vm1,2072,2,869us,bonnie-vm2,1577,2,840us,bonnie-vm2,1577,2,580us,bonnie-vm2,1577,2,643us,bonnie-vm2,1577,2,705us,bonnie-vm2,1577,2,697us,bonnie-vm2,1577,2,769us,bonnie-vm2,1577,2,491us,bonnie-vm2,1577,1,591us,bonnie-vm3,2866,4,725us,bonnie-vm3,2866,4,835us,bonnie-vm3,2866,4,570us,bonnie-vm3,2866,4,649us,bonnie-vm3,2866,4,739us,bonnie-vm3,2866,3,1095us,bonnie-vm3,2866,3,900us,bonnie-vm3,2866,3,847us,bonnie-vm4,1559,1,700ms,bonnie-vm4,1560,1,2623ms,bonnie-vm4,1561,1,434ms,bonnie-vm4,1559,1,12028us,bonnie-vm4,1563,1,443ms,bonnie-vm4,1561,1,474ms,bonnie-vm4,1559,1,593ms,bonnie-vm4,1559,1,1043ms
Random create,Create,8,bonnie-vm1,7848,12,127ms,bonnie-vm1,7838,12,129ms,bonnie-vm1,7859,12,143ms,bonnie-vm1,8312,12,158ms,bonnie-vm1,7837,12,329us,bonnie-vm1,7839,11,509us,bonnie-vm1,7841,13,148ms,bonnie-vm1,7860,12,138ms,bonnie-vm2,7849,12,175ms,bonnie-vm2,7814,11,272ms,bonnie-vm2,7817,12,125ms,bonnie-vm2,7812,12,190ms,bonnie-vm2,7831,11,354ms,bonnie-vm2,7830,11,177ms,bonnie-vm2,7810,12,254ms,bonnie-vm2,7796,12,236us,bonnie-vm3,4306,6,124ms,bonnie-vm3,4319,6,118ms,bonnie-vm3,4313,5,117ms,bonnie-vm3,4303,6,271us,bonnie-vm3,4308,6,120ms,bonnie-vm3,4306,6,121ms,bonnie-vm3,4301,6,328us,bonnie-vm3,4302,6,143ms,bonnie-vm4,4418,7,537ms,bonnie-vm4,4410,7,513ms,bonnie-vm4,4394,6,524ms,bonnie-vm4,4410,6,541ms,bonnie-vm4,4392,6,20124us,bonnie-vm4,4408,6,544ms,bonnie-vm4,4401,6,540ms,bonnie-vm4,4400,6,527ms
Random create,Read,8,bonnie-vm1,+++++,+++,20us,bonnie-vm1,+++++,+++,21us,bonnie-vm1,+++++,+++,60us,bonnie-vm1,+++++,+++,81us,bonnie-vm1,+++++,+++,56us,bonnie-vm1,+++++,+++,22us,bonnie-vm1,+++++,+++,20us,bonnie-vm1,+++++,+++,46us,bonnie-vm2,+++++,+++,66us,bonnie-vm2,+++++,+++,44us,bonnie-vm2,+++++,+++,21us,bonnie-vm2,+++++,+++,22us,bonnie-vm2,+++++,+++,21us,bonnie-vm2,+++++,+++,21us,bonnie-vm2,+++++,+++,63us,bonnie-vm2,+++++,+++,21us,bonnie-vm3,+++++,+++,22us,bonnie-vm3,+++++,+++,18us,bonnie-vm3,+++++,+++,72us,bonnie-vm3,+++++,+++,36us,bonnie-vm3,+++++,+++,22us,bonnie-vm3,+++++,+++,22us,bonnie-vm3,+++++,+++,45us,bonnie-vm3,+++++,+++,36us,bonnie-vm4,+++++,+++,12011us,bonnie-vm4,+++++,+++,12017us,bonnie-vm4,+++++,+++,32us,bonnie-vm4,+++++,+++,16013us,bonnie-vm4,+++++,+++,3495us,bonnie-vm4,+++++,+++,12020us,bonnie-vm4,+++++,+++,14111us,bonnie-vm4,+++++,+++,12019us
Random create,Delete,8,bonnie-vm1,3677,4,893us,bonnie-vm1,3677,5,538us,bonnie-vm1,3677,5,861us,bonnie-vm1,3678,5,866us,bonnie-vm1,3677,5,718us,bonnie-vm1,3677,6,879us,bonnie-vm1,3677,5,852us,bonnie-vm1,3677,5,765us,bonnie-vm2,1860,2,611us,bonnie-vm2,1860,1,469us,bonnie-vm2,1860,2,521us,bonnie-vm2,1860,2,747us,bonnie-vm2,1860,2,465us,bonnie-vm2,1860,2,764us,bonnie-vm2,1860,2,602us,bonnie-vm2,1860,2,467us,bonnie-vm3,1723,2,648us,bonnie-vm3,1723,2,644us,bonnie-vm3,1723,2,644us,bonnie-vm3,1723,2,511us,bonnie-vm3,1723,2,597us,bonnie-vm3,1723,2,651us,bonnie-vm3,1723,3,874us,bonnie-vm3,1723,2,544us,bonnie-vm4,1246,1,125ms,bonnie-vm4,1247,1,12320us,bonnie-vm4,1246,1,297ms,bonnie-vm4,1247,1,226ms,bonnie-vm4,1247,1,217ms,bonnie-vm4,1246,1,123ms,bonnie-vm4,1247,1,499ms,bonnie-vm4,1246,1,254ms
